time,_dt,strain_zx_interface,stres_xx_interface,stres_xy_interface,stres_yy_interface,stres_yz_interface,stres_zz_interface,stress_zx_interface
0.97,0,0,0,0,0,0,0,0
0.975,0.005,-8.1185718251649e-08,-5.0022929179341,-3.2166252204278e-05,-5.0000034148411,-0.00074418184088726,-4.9992985809998,-0.00027863546189365
0.98,0.005,-8.1883315649265e-08,-5.4563270872024,-2.9794043051696e-06,-5.4117696323384,-2.1933503826176e-05,-4.9999565662725,-0.00024538267423799
0.985,0.005,-8.1292205639162e-08,-5.6498043259877,8.5992614250018e-06,-5.5891913295807,-1.1431293628867e-05,-4.9999907338789,-0.00025137370421781
0.99,0.005,-8.2776813686712e-08,-5.7316919836314,4.3641460249463e-05,-5.6631620498682,-8.1659852187118e-06,-4.9999951611586,-0.00024288575183919
0.995,0.005,-8.6302446440077e-08,-5.7247879131051,-1.0041181266016e-05,-5.6589820337134,-3.0624788501772e-05,-5.0000229949588,-0.00020940442811158
1,0.005,-8.5295312968082e-08,-5.7006372111684,-1.9383630639591e-05,-5.6399631011289,-7.2257914699982e-05,-5.0000670932488,0.0086527409804326
1.005,0.005,-4.2676406669293e-08,-5.6835007448642,-8.7455702431366e-05,-5.6298100338272,0.00012557791223181,-4.9999507629918,0.13227120733234
1.01,0.005,9.9960156898646e-08,-5.6701492090872,-0.0011014318572262,-5.6252578589547,5.9083354900174e-05,-5.0000558184304,0.52510461290626
1.015,0.005,4.0047580839903e-07,-5.6755576032313,-0.00085485001250377,-5.6294134466682,3.057115206278e-05,-5.0000253094754,1.2332365229364
1.02,0.005,9.9007225769996e-07,-5.73481098416,-0.0032851351200534,-5.648132943286,8.3348213475139e-05,-5.0000684376925,2.2518658029418
1.025,0.005,3.3994677661304e-06,-5.7652094084446,-0.039289113869045,-5.651055870255,-1.3804675935677e-05,-5.0000043211807,3.4943946854124
1.03,0.005,3.5687430639533e-05,-5.114005521196,-0.01022805739696,-5.0723069587844,1.5207265964654e-05,-5.0000420842631,4.3361856972913
1.035,0.005,8.7715404034685e-05,-5.0810930323955,-0.0025120193729053,-5.0308994643405,-3.1129019691402e-05,-4.9999639171179,5.1232508651999
1.04,0.005,0.00018505438948295,-5.0537129692364,-0.0015132786698007,-5.0177113329165,8.8223803657065e-06,-4.9999461742176,5.4085212694604
1.045,0.005,0.00030706013162714,-5.0341528038875,7.9159568119297e-06,-5.0155222107541,-4.8679878589577e-05,-5.0000566964366,5.5198070544708
1.05,0.005,0.00043326705032808,-5.0327292079254,-0.00024826840009159,-5.0134277528255,2.8743500561215e-05,-4.9998105896928,5.6426732619479
1.055,0.005,0.00056259868526652,-5.0382510454524,0.00019594749103424,-5.0141829957758,-2.5134455704852e-05,-5.0001314207199,5.8590379965091
1.06,0.005,0.00068794669640184,-5.0396858294063,-0.00083918152224705,-5.0141533570054,4.3890336786112e-05,-4.9999010294998,6.1272320763777
1.065,0.005,0.00082710233821303,-5.0319360719877,-0.00065889140573808,-5.0129046543658,-4.9503826907567e-05,-5.0001102890606,6.2535788901416
1.07,0.005,0.0009635558729164,-5.0374904996475,-0.00077845259563422,-5.0142711850748,5.177438022254e-05,-4.9998175930722,6.3201563416284
1.075,0.005,0.0011032367634327,-5.0258381032709,-0.0024035881707521,-5.0127952526855,-7.7991043110754e-05,-5.0001999981526,6.3196724845404
1.08,0.005,0.0012399659622398,-5.0261549336206,-0.0019296806590628,-5.0120647361181,6.9219659588504e-05,-4.9998327609917,6.1827530202039
1.085,0.005,0.0013590098420414,-5.0316405222726,-0.00082441912309805,-5.0111880267436,-0.00012182102190139,-5.0002872083338,6.1689661581459
1.09,0.005,0.001449258791143,-5.0234093502939,-0.0010161844551595,-5.0108728472055,9.9569976838857e-05,-4.9997977726229,6.331647446659
1.095,0.005,0.0015344539253937,-5.0227968337856,-0.00034996081420639,-5.0128786239418,-0.00014499038938042,-5.0001910841089,6.3428188230421
1.1,0.005,0.0016177577658018,-5.030942767728,0.00038367345398019,-5.0153018783781,0.00011966614019709,-4.9999023972878,6.0792864291889
1.105,0.005,0.0016565488194848,-5.0527772492272,-0.00014770449680129,-5.015664296507,-0.00012826872876526,-5.0000435124587,6.1432874874157
1.11,0.005,0.0016635486371619,-5.0276031886216,-0.0033281487136777,-5.0323127434775,0.00010947133162389,-5.0000413135131,6.2979126282768
1.115,0.005,0.0016760865017322,-4.9081907178075,0.005953286651996,-5.0073473311726,-0.000113888657516,-4.9999151071941,5.9950617386125
1.12,0.005,0.0016813348429071,-5.317019018575,0.046011543764031,-5.0939029372128,7.3747306943143e-05,-5.0000757273647,5.295139104241
1.125,0.005,0.0016811180383017,-5.5304174544783,0.058578393127531,-5.2066959401752,-0.00017554573137681,-4.9999472376467,4.1269104360234
1.13,0.005,0.0016804171319103,-5.6342589366571,0.060871940561661,-5.1929184699987,7.2053938973897e-05,-4.9999003329121,2.4232516910139
1.135,0.005,0.0016788148998819,-5.8819176707925,0.02616949474001,-5.2066528265268,-7.4358525682056e-05,-5.0000776304143,0.23125342494006
1.14,0.005,0.0016677032768428,-5.6049742452124,-0.0011235105123715,-5.1683374255528,0.00011558016190516,-4.9999319008056,-2.0983078323641
1.145,0.005,0.0016121649150035,-5.2322654308907,0.0084675270247305,-5.0141743860269,-0.00021632180834581,-4.9998783501893,-3.9936815520777
1.15,0.005,0.0015548849499027,-5.3074860525261,0.002885869286611,-5.0490983334895,0.00013398040411512,-5.0005669170767,-6.3260768368381
1.155,0.005,0.0014301092519306,-5.2818333795496,-0.0014512836055273,-5.0586622433814,5.0251155631051e-05,-4.9989123763635,-7.9787650067713
1.16,0.005,0.0012027443271583,-5.0874042567282,0.0022368733118744,-5.0332702028103,-0.00017338825774301,-5.0018381999582,-8.6326050813063
1.165,0.005,0.00095363917844014,-5.1284146886369,0.0012829320255833,-5.0341234491625,0.00034103844266545,-4.9975683823709,-9.1757552718843
1.17,0.005,0.00070948651141132,-5.1405833721117,-0.00059902974845396,-5.0465493792689,-0.00041217599834531,-5.0030009144424,-10.247785921767
1.175,0.005,0.0004379917266963,-5.1520239326099,-0.0001931843829817,-5.0484872618819,0.00054675316743394,-4.9965759862234,-11.096810533786
1.18,0.005,8.085452782904e-05,-5.0792444987937,0.0014760125546045,-5.0452626945565,-0.00063974296088718,-5.0036892045383,-11.099331758971
1.185,0.005,-0.00036644653911789,-5.02784932295,0.00022637985323311,-5.0242804724969,0.00064345537222187,-4.9963128607942,-9.8364393837913
1.19,0.005,-0.00077759941737998,-5.0481885480795,-0.00030000015144417,-5.0227168347397,-0.00064680865855632,-5.0034089224729,-9.2753350336059
1.195,0.005,-0.0011437092968287,-5.0311707121836,0.00047773718459451,-5.0162340212438,0.00064525454391396,-4.9972482842578,-9.4177275599384
1.2,0.005,-0.001536195912438,-5.037412812826,0.00024116824953704,-5.017154373665,-0.00056683081521446,-5.0020509264595,-9.3276253620296
1.205,0.005,-0.001926222291003,-5.0378557867573,0.0021237177208143,-5.0134136688322,0.00085071332902446,-4.9987950092866,-9.0988225419235
1.21,0.005,-0.0022759920950189,-5.0230312346063,0.0040148098374728,-5.0128427230714,-0.00028076116725446,-5.0005095203296,-9.4581363384885
1.215,0.005,-0.0026352070567986,-5.0238195028882,0.0037390549108972,-5.0125137581204,0.00013149694072615,-5.0001783934084,-9.4381548319676
1.22,0.005,-0.0029746082139469,-5.0413911630759,0.0018289720507223,-5.0098817001838,-0.00044937233704318,-4.9991400652283,-9.5155402176624
1.225,0.005,-0.0032628642191538,-5.0398415624656,-0.0023747619475679,-5.0129727719563,0.00011150002738414,-5.0014934850748,-9.8823227126466
1.23,0.005,-0.0035033038750099,-4.986957502802,-0.002229268112335,-5.0080844092499,-9.5902351882923e-05,-4.9980873837322,-10.722615704044
1.235,0.005,-0.0037963996010178,-5.0396121193344,0.00094649156913065,-5.0167287999938,0.0001009349800807,-5.0021807155815,-10.256305863001
1.24,0.005,-0.0040578122232507,-5.0023541184251,0.010275772041166,-5.0066959127001,-8.6631243914913e-05,-4.9977146739128,-9.8725089768482
1.245,0.005,-0.0042594234516304,-5.0029915309432,0.01141827216202,-5.012022983404,0.00018050244280431,-5.0025877422306,-9.6710417314345
1.25,0.005,-0.0044329906326364,-5.0499643683057,-0.0035061778057764,-5.0111769237928,-0.00042672323242783,-4.9972918506026,-9.4585875207494
1.255,0.005,-0.0045027818447684,-5.0671233913404,0.0086386095742131,-5.0267727417648,0.00058794123283709,-5.0030938748006,-9.9094788010724
1.26,0.005,-0.0045683179621919,-4.9804351445147,-0.0036415956601208,-5.0199216055604,-0.00084364425625275,-4.9964772034742,-9.891855972663
1.265,0.005,-0.0046160891395247,-5.0484167955567,-0.0049335133983964,-5.0269341638804,0.0011217158937934,-5.003833508713,-9.2593154215418
1.27,0.005,-0.0046185796086848,-5.3297073601518,-0.056600459627384,-5.1358605737099,-0.0013240175469633,-4.9958680099836,-8.5834742952575
1.275,0.005,-0.0046188814467019,-5.4038703940947,-0.086422088036474,-5.2132875114726,0.0016290437694475,-5.0043839189215,-6.7958369671061
1.28,0.005,-0.0046184684789319,-5.612869645703,-0.054980625479555,-5.2222249495798,-0.0018358918328837,-4.9954081877014,-4.2590210299131
1.285,0.005,-0.004609849965296,-5.799067838431,0.10598056985922,-5.2277846800408,0.0021476004575178,-5.004697499774,-0.95514655081191
1.29,0.005,-0.0045807632867432,-5.8191038987957,0.13014096885688,-5.1171937750969,-0.0025070207783452,-4.9954268516888,2.456112757079
1.295,0.005,-0.0044815965395185,-5.1754273516049,-0.024174780717946,-4.9694752406844,0.003152428311396,-5.0043130102393,5.640629799962
1.3,0.005,-0.0043182498009667,-5.1956777425214,-0.01808771934244,-5.010413448284,-0.0037882968240069,-4.9962559059217,8.4146179010449
1.305,0.005,-0.0040700748730217,-5.2065403213137,-0.025189607405657,-5.0430945473854,0.0043888256222955,-5.0032178915475,10.971061726738
1.31,0.005,-0.0037295290478396,-5.2007991004112,-0.028413958306692,-5.0418136052453,-0.0049929064335065,-4.9974351379294,12.576522224106
1.315,0.005,-0.0033368657694414,-5.1896611398015,-0.0024031914906421,-5.0535586360854,0.0053779400059396,-5.0021163006858,14.137839628286
1.32,0.005,-0.002929325853051,-5.2456708258099,0.024198319058082,-5.0665576995306,-0.0055018736080351,-4.9980792092855,15.94934144332
1.325,0.005,-0.0023924940867232,-5.1295540038934,0.016828630000933,-5.067217485828,0.0054244753086207,-5.0019072863384,16.664972769793
1.33,0.005,-0.0016931964473839,-5.0801930875231,0.0010384501675018,-5.0487126639464,-0.0053218131941519,-4.9977835790349,15.312486586001
1.335,0.005,-0.0009641615434446,-5.0395600621607,-0.0032604387225408,-5.0350877744246,0.0050159701472493,-5.0026638589828,14.005666807686
1.34,0.005,-0.00026775169256808,-5.0493152252541,-0.0024601831254295,-5.0245180902759,-0.0045392211398729,-4.9966631121863,13.367052410707
1.345,0.005,0.00043032209180767,-5.0478872711574,-0.0041729652795975,-5.0252063939353,0.0038525569620051,-5.0043047509066,13.051841002075
1.35,0.005,0.0010901693530037,-5.0519272605881,0.0013888139849507,-5.0147170770331,-0.0033030401117869,-4.9947538112367,13.310507406935
1.355,0.005,0.0017597037728535,-5.0455708564102,0.0014628864741325,-5.0245343546542,0.0026658704880166,-5.0061635339869,13.614423199148
1.36,0.005,0.0024471983922579,-5.0469993949993,-0.0023916929277197,-5.0134264581675,-0.0019248387206108,-4.9929786302382,13.507505741466
1.365,0.005,0.0031157282297668,-5.0453884797487,-0.0024909674661263,-5.0245793315242,0.0013366882898592,-5.0076988412115,13.638797264595
1.37,0.005,0.0037587202438891,-5.0252573506151,0.0012474087912523,-5.0081351207871,-0.00090524650160109,-4.9919350500521,13.817699274503
1.375,0.005,0.0044013290135063,-5.0575966429563,-0.0016975467602436,-5.0251729141376,0.0017164640668951,-5.0080014008466,13.802939170314
1.38,0.005,0.0049496644146439,-5.0562546034185,-0.0045279653058079,-5.0064720003519,-0.0011837214097614,-4.9924105633141,14.389817290773
1.385,0.005,0.005375161252361,-5.0093771740252,-0.0052217748449159,-5.0218453858448,0.0013707232135841,-5.0071991340342,16.356507949496
1.39,0.005,0.0058124359831749,-5.0592552914013,-0.0035936798616424,-5.0227852161066,-0.0015639276440385,-4.9932738893328,17.56220117221
1.395,0.005,0.006373400459827,-5.0482817143849,-0.0054984739251207,-5.0314124577939,0.0017358464539909,-5.0061340596053,16.204885566727
1.4,0.005,0.0068788780577024,-5.0313552186434,-0.0043374219126926,-5.0141984719686,-0.0025875919391026,-4.9946106535551,14.701805123352
1.405,0.005,0.0072791466371557,-4.9986558994459,0.00035653255750863,-5.0213736838875,0.0028744893858851,-5.0046657652664,14.04371350796
1.41,0.005,0.0076158384498682,-5.1140219538305,0.0036163964770269,-5.0297634625781,-0.0035921832194915,-4.995627832627,13.358033430287
1.415,0.005,0.0077764418881939,-4.9470732983361,-0.021492098260964,-5.0231001085565,0.0040279996618532,-5.004436426033,14.144355422324
1.42,0.005,0.0080302786536843,-5.0735458705184,-0.0031147077039771,-5.0240001892476,-0.0043683662063962,-4.9955533574028,12.525655883797
1.425,0.005,0.0081005154202192,-4.5244456867519,-0.00089385179962125,-4.889672464737,0.0047658829813486,-5.0046233435881,12.391414146677
1.43,0.005,0.0081816636144226,-4.7701076253964,0.017364803634118,-4.9099922258851,-0.00483109025848,-4.9954231511108,10.860841116925
1.435,0.005,0.0081820619952051,-5.7707800309348,0.029644169659905,-5.7036926855427,0.0045864268891719,-5.003772048984,9.2846231857439
1.44,0.005,0.0081819303634312,-6.1970307354054,-0.006860677800531,-5.6715481150067,-0.0047101181651366,-4.996728921385,5.822772832362
1.445,0.005,0.0081755058470925,-6.8357466745309,0.0023711883970881,-5.8109887320523,0.0046810407693821,-5.0022418005616,1.8067865406448
1.45,0.005,0.0081339213404153,-6.4700375548501,0.043252982077577,-5.3591322529085,-0.004563765347819,-4.999085675645,-3.1400143625436
1.455,0.005,0.0080654457403912,-6.4382051882545,-0.0085556992578032,-5.1884732491782,0.0039632931179217,-4.9994734638278,-8.0553807352058
1.46,0.005,0.0078386308044493,-5.7779280137027,0.020042166679069,-5.1453609275414,-0.0024720694035762,-5.0022268258147,-12.422234122589
1.465,0.005,0.0075038577322798,-5.608769699733,-0.0095783635563025,-5.1427160629087,0.0010845022717765,-4.9960748682565,-15.517477920975
1.47,0.005,0.0070029834245107,-5.4581924420248,-0.025135730139002,-5.1370027691948,0.001058768994766,-5.0054947875752,-17.872915343481
1.475,0.005,0.0065069658131427,-5.5417330520381,-0.025330112315438,-5.1491280667137,-0.0026310260484651,-4.9930660461032,-20.617442689218
1.48,0.005,0.0059739720767041,-5.6435065922678,0.0019321758573563,-5.2088059954973,0.0043874131806884,-5.0079865663386,-24.255455102145
1.485,0.005,0.0052256746882383,-5.3355466685283,0.04296978727954,-5.1533571981222,-0.0059808091745321,-4.9913490789167,-25.230692692741
1.49,0.005,0.0041299679239958,-5.1151388111454,0.021202534575707,-5.1039457382337,0.0072221128507517,-5.0093677840254,-22.177212518158
1.495,0.005,0.0030983591026007,-5.0857598491973,0.0079474100945941,-5.0529733372824,-0.0077888569674379,-4.990196287987,-20.157290799882
1.5,0.005,0.002074347738526,-5.108297131678,0.0042386321165676,-5.0719874598097,0.0080416246842968,-5.0099887465642,-19.151937733687
1.505,0.005,0.00096248992912142,-5.0441247450924,0.0092262075983588,-5.0313973686537,-0.0080921722561407,-4.990180585335,-17.139342687773
1.51,0.005,-0.00018846580674562,-5.0585249471994,0.0066876213147773,-5.0414949863108,0.0075922248906488,-5.0094989057983,-14.871882962961
1.515,0.005,-0.0010892545187109,-5.0970876770562,0.00067390366870629,-5.0198762145155,-0.0082686592412965,-4.9906839593205,-16.273000511413
1.52,0.005,-0.0019099091536061,-5.0798540707337,0.0060437731998867,-5.0538116722069,0.008080786191855,-5.0095546432119,-18.676326124272
1.525,0.005,-0.0027633105768304,-5.0547319447171,0.013699052207729,-5.0261570413991,-0.0073420507099968,-4.9901101292854,-20.745642743624
1.53,0.005,-0.0038005518600643,-5.0880905741845,0.0024269224636002,-5.0517948536293,0.0065110928214627,-5.0100702277097,-19.838560522289
1.535,0.005,-0.0048734161050012,-5.0650340760072,0.0019467401452368,-5.0174760650953,-0.0051156648489361,-4.9896980296632,-17.766542875971
1.54,0.005,-0.0056735321440785,-5.0258923369059,-0.0079024938019553,-5.0387119912929,0.0040375376850652,-5.0109082354588,-19.180039374654
1.545,0.005,-0.0065501494157414,-5.0486924037956,-0.0019684962023747,-5.0129379681021,-0.0030626091184189,-4.9882110146738,-18.897683632278
1.55,0.005,-0.0074286121981382,-5.0684247484607,-0.010324879471291,-5.0321382719927,0.0012840200681203,-5.012545660818,-17.63452876703
1.555,0.005,-0.0080798905301269,-4.976208925021,-0.0087195079752385,-5.0046109449616,-0.00030505661243239,-4.987304462608,-18.521364698407
1.56,0.005,-0.0088194711856958,-5.091946310989,-0.0082375219511886,-5.0340140294065,-0.0008683543989844,-5.0124136174873,-17.406507828383
1.565,0.005,-0.0093240252501025,-4.9050865286445,0.019384545056144,-5.0003134324305,0.0012713722014466,-4.9886133448751,-18.129409900798
1.57,0.005,-0.0099137108724419,-5.0844898621194,-0.0056843859712442,-5.0358979412969,-0.0013491373012596,-5.0098985840577,-16.65017145367
1.575,0.005,-0.010233151369082,-4.9072757901771,0.0076864750343386,-5.0047059948874,0.0013099502772252,-4.9919040112725,-17.608894037072
1.58,0.005,-0.010652330230981,-5.124023059178,0.0042351031879653,-5.0390007669729,-0.00059347281330716,-5.0059597592789,-15.587383451474
1.585,0.005,-0.010696812277506,-4.440353259648,-0.047679244229423,-5.2762917205225,-6.5368603951533e-05,-4.9963280491255,-17.958028991452
1.59,0.005,-0.010954270768731,-5.0667674027841,0.017712725183389,-5.0457045557028,0.0013842164692206,-5.0016500740067,-14.804234614804
1.595,0.005,-0.010961707767127,-5.4586583078715,0.0089523312921511,-5.4552758221215,-0.0027430545749544,-4.9998545754275,-14.941379674923
1.6,0.005,-0.01096186690798,-6.1100246406326,0.072305802385127,-5.7060958674693,0.0042813533075269,-4.9995419998625,-11.274977875139
1.605,0.005,-0.010963650015218,-6.6436821923719,-0.1098284995725,-5.6372486690106,-0.0057457610684243,-5.0004824442139,-8.1271059256341
1.61,0.005,-0.010929761489214,-6.9793921621965,-0.099822396921211,-5.5104249000318,0.0070010199329042,-5.0001246853892,-1.5776705525443
1.615,0.005,-0.010889472274439,-6.4712635785485,-0.020809285467595,-5.1076818696775,-0.0079526725720246,-4.9987868466078,3.7511177679747
1.62,0.005,-0.010612579936775,-5.4708478119659,-0.035898455837864,-5.0711544258899,0.0091782712444562,-5.0029624046372,9.6479382096673
1.625,0.005,-0.010425530644637,-6.5805392724786,-0.061746331261404,-5.2495404871984,-0.010182905203083,-4.9949770757607,15.279974849722
1.63,0.005,-0.0099882075824964,-5.9268677104541,-0.071746414632519,-5.1965388022101,0.011676009319845,-5.0070893979028,21.425852779146
1.635,0.005,-0.0094909610676249,-5.9518370421574,-0.055448203854502,-5.2167611077678,-0.012776736122602,-4.9908961202425,25.580494176538
1.64,0.005,-0.0085931962642852,-5.3719093544209,-0.025454791429453,-5.165603503535,0.013547773692573,-5.0110396871833,27.451067264783
1.645,0.005,-0.007686857430256,-5.4359921183475,0.042747747292098,-5.1261748807306,-0.013277398123788,-4.9872741393981,28.261796698875
1.65,0.005,-0.0066996619129524,-5.3787149016214,0.053368675618729,-5.167263108021,0.013471724366847,-5.0136397625899,30.613772518517
1.655,0.005,-0.0054731846635225,-5.2067596302078,0.018954807303039,-5.1161555874664,-0.013128790269392,-4.985856391922,29.398220872229
1.66,0.005,-0.0039229591935045,-5.0328099727062,0.0028871893831839,-5.0961718766765,0.011641363302956,-5.0148873636038,25.038974117426
1.665,0.005,-0.0024979630062905,-5.0579529721119,0.0067791931809595,-5.0243878261417,-0.010642323690449,-4.9842639689876,22.151248179971
1.67,0.005,-0.0010348925925633,-5.0681933806716,-0.0024733610377792,-5.0676855881934,0.0079255614311178,-5.016736742767,20.022364410754
1.675,0.005,0.00038797909457572,-5.0712086249581,-0.0023394945372776,-5.0134315236372,-0.0058007043619367,-4.9820200630647,18.496212980308
1.68,0.005,0.0015872089226752,-5.1060110004912,-0.0028006501893284,-5.0560356543723,0.00430976487725,-5.0196665365503,20.485848350286
1.685,0.005,0.0028020551572936,-5.0029541277683,-0.00056570825706881,-5.0124689759654,-0.0017405635834233,-4.9791035886746,21.760886635904
1.69,0.005,0.0041086347705591,-5.0806414609808,0.0058434971544969,-5.0524543367036,-9.5853064416364e-05,-5.0218275344522,22.314771711108
1.695,0.005,0.0055426653722788,-5.0630421074749,-0.0034569715043513,-5.0060667748213,0.0025467861763788,-4.9774678214237,19.613951218174
1.7,0.005,0.0066418268801286,-4.9956033753422,-0.004446440922424,-5.0480178519572,-0.0035165128918605,-5.0233141804259,22.032829076752
1.705,0.005,0.0079063410553548,-5.0250035533305,-0.0066829387456093,-5.0080414788077,0.003719633167506,-4.9766102196078,20.045479802357
1.71,0.005,0.0090420546442566,-5.0861472150024,0.0065127321795786,-5.0441257294158,-0.0044728859470735,-5.0224095259491,20.891443796616
1.715,0.005,0.010011958896471,-5.0040460786625,0.006705828140134,-5.0140370130378,0.0032190549206947,-4.9797507218799,20.510204222836
1.72,0.005,0.011050161532477,-5.1124044785167,0.00349593662577,-5.0445465546084,-0.0029053382410149,-5.0167832377098,20.776295606355
1.725,0.005,0.011748636737277,-4.9186477452852,0.036988061193404,-5.0251628157193,0.0013560592830649,-4.9876078125412,21.384914509223
1.73,0.005,0.012676748494565,-5.1370395999137,-0.014178433696034,-5.0467580165523,0.0010413108730065,-5.0067122072394,20.419724439616
1.735,0.005,0.013095971917912,-4.7917042520459,0.010168800449344,-5.0360383675525,-0.0032089025777049,-4.9994897281545,22.139932632093
1.74,0.005,0.013850539797421,-5.1264829369332,-0.027054026600434,-5.0420620273599,0.0052166685488369,-4.9940792302917,19.835441987279
1.745,0.005,0.014137586097408,-4.8803763913468,0.00549980844009,-5.0467649271935,-0.0065757715752322,-5.0121947674349,20.452623976479
1.75,0.005,0.014523776708606,-5.1952365270438,-0.0025932102093855,-5.0392488088404,0.0074724948303874,-4.9825839572532,19.196700969713
1.755,0.005,0.014548614928839,-5.6769480749184,0.050923065764523,-5.8724887948308,-0.0076954574968331,-5.0217449544125,20.611289395695
1.76,0.005,0.014734322343433,-5.1849642767281,0.10397768324772,-5.0670059110655,0.007416675392537,-4.9755889428299,17.324251603016
1.765,0.005,0.014739669188908,-6.9104089526232,0.28244901427285,-6.1196752846956,-0.0069406311503722,-5.0254127165713,15.355556076007
1.77,0.005,0.014733716307689,-8.5352360191659,0.26824650348052,-6.6593736684161,0.0061347653305222,-4.9752394984057,8.975667063764
1.775,0.005,0.014720370035854,-9.0398995902383,0.17662899878862,-6.6094577348765,-0.0052032555805927,-5.0228428249436,3.3281297934192
1.78,0.005,0.014595471090536,-7.2685670860037,0.096293871911215,-5.5571276962941,0.0040121116436118,-4.9801669504551,-4.5042284673236
1.785,0.005,0.014502691772911,-8.7756460393894,0.029320387359475,-6.3200508878895,-0.0028572433362987,-5.0157129021837,-12.346454971545
1.79,0.005,0.014014456913942,-5.8925095089896,-0.0034441871345221,-5.1697527331428,0.0014134464007568,-4.9893339016428,-18.409044651001
1.795,0.005,0.01357370227691,-6.5170526837582,-0.01784284143447,-5.4041603660544,-0.00025066441918543,-5.005062946968,-24.763035746708
1.8,0.005,0.012678963775594,-5.4435191869353,-0.017280351690242,-5.1917635032781,-0.0017648232966337,-5.0011010422813,-28.028108709099
1.805,0.005,0.011594964421122,-5.4982567491023,-0.036618470193568,-5.2060489485361,0.0022885379026912,-4.9926096913304,-29.19898426277
1.81,0.005,0.010134351173592,-5.0876558157614,-0.023722035053217,-5.122392205347,-0.0031155057396133,-5.0130144526722,-26.879949131277
1.815,0.005,0.008914466927906,-5.3120484420363,-0.038995063652778,-5.0918887169874,0.0036310762995301,-4.9812222046635,-29.14187135968
1.82,0.005,0.0076011174022367,-5.3003690638549,-0.041682550388238,-5.1549634915913,-0.0034883210355264,-5.0227311517814,-30.65874787422
1.825,0.005,0.0058035516812988,-5.0641683181242,-0.0090689332901084,-5.0561226517404,0.0022586993015332,-4.9749459614212,-27.546576648322
1.83,0.005,0.0038801844793434,-5.0008531208428,0.0090112093957336,-5.0725373452642,-0.0022366478108076,-5.0262708621067,-21.38060924082
1.835,0.005,0.0021550392347039,-5.0237391245039,0.00024312912121579,-4.9967096548251,0.0012059075954762,-4.9733618229441,-20.780106663891
1.84,0.005,0.00057065477879138,-5.0873732613011,0.0042300121288651,-5.0581642870237,4.0735724911735e-05,-5.0261271425979,-20.42266695335
1.845,0.005,-0.0011511417487297,-5.0580901536107,0.0053302550640125,-5.0013653368282,-0.00049255428381561,-4.9751964420874,-20.386390414293
1.85,0.005,-0.0026113185476946,-5.101617990417,0.003352794025197,-5.0506757018689,0.0016881751170111,-5.0229071773604,-22.233254455192
1.855,0.005,-0.0041175299508936,-5.0351151512372,0.0022711287248695,-5.0088085757399,-0.0027301742052834,-4.9800717063663,-24.401695590999
1.86,0.005,-0.0057229224906324,-5.0569279554313,0.011417355408414,-5.0388633279982,0.0027199255113777,-5.0159905686721,-24.056863159005
1.865,0.005,-0.0072608270379056,-5.0842401670073,-0.01160272240195,-5.013076467559,-0.0039557386733214,-4.9883419017479,-23.884240648918
1.87,0.005,-0.0085020461820921,-4.9810754842714,0.0031058825346846,-5.0380758031422,0.0045489948156392,-5.0072114135236,-27.569107302184
1.875,0.005,-0.0098021188896368,-5.0881599569397,0.011311093534155,-5.0440669126489,-0.0044071802252252,-4.9977907718433,-28.037843177575
1.88,0.005,-0.011271518949873,-5.0479229007427,-0.003805282456509,-5.0256511956448,0.0041977960066262,-4.9968345192839,-26.579409466612
1.885,0.005,-0.012474911262844,-5.1324786545341,0.0046689792516496,-5.0441817830596,-0.0029338415089634,-5.0087551897575,-25.117788172132
1.89,0.005,-0.013486490526248,-5.0168594951868,-0.0037768002119947,-5.0188872325786,0.0018708299242662,-4.9860880416389,-27.234803662482
1.895,0.005,-0.014363388731898,-5.0752159233972,0.0012257983351341,-5.0617189404409,-0.0011207104046913,-5.0186526982376,-27.040304623516
1.9,0.005,-0.015355857544919,-5.0654246502999,-0.0008634034178678,-5.0097866778204,0.00069022855200713,-4.9769197313403,-25.420282145348
1.905,0.005,-0.016009837067111,-5.0302134392923,-0.016817264929159,-5.0687486989873,-0.0014499736870482,-5.0268637898456,-24.438630630184
1.91,0.005,-0.016730597422779,-5.0546764749083,-0.01567930114231,-4.9964728399692,0.0025562978900031,-4.9705660956012,-21.76855946833
1.915,0.005,-0.017075514072358,-5.1889567930097,0.013119767827832,-5.1001846054317,-0.00352303673173,-5.0302854587171,-21.250746777355
1.92,0.005,-0.017269448995416,-5.1857196820849,-0.20007082247275,-5.0707191927739,0.0037348309785954,-4.9706300324065,-20.76198569325
1.925,0.005,-0.017350800324149,-5.2701389381358,0.22451104768552,-5.2710085026332,-0.003922834680089,-5.0267863444718,-20.219300851586
1.93,0.005,-0.017363727131002,-6.6008157038445,-0.0076899924114971,-5.3952346234371,0.0044093122573476,-4.9770041368453,-15.989917457876
1.935,0.005,-0.017358876960259,-8.0766265065241,0.0015240062498378,-6.3190434666695,-0.004941502616938,-5.0183853980607,-11.821613394011
1.94,0.005,-0.017313211287282,-8.3589516643844,-0.074180933441042,-5.8339644654994,0.0053073024534159,-4.986656189337,-2.9382533451943
1.945,0.005,-0.017221549177476,-7.5388393690523,-0.062293652541172,-5.2823373841014,-0.0052680268028002,-5.0084997737843,4.0279940056952
1.95,0.005,-0.016784522455056,-5.6987807250478,-0.0063051651364456,-5.0628846121117,0.0043783902620853,-4.9955137625433,11.262317718389
1.955,0.005,-0.016302709263786,-5.6327283562889,-0.0050373519157674,-5.1501478777949,-0.0038192503579836,-5.002184094472,17.175641620914
1.96,0.005,-0.015422186193222,-5.5955975503087,-0.010624104936984,-5.1451676754578,0.0032302170588879,-4.9984399571411,21.926329221912
1.965,0.005,-0.014536721753975,-5.6416525088069,-0.03497462508356,-5.1937904344962,-0.0031818439434998,-5.0033333651992,26.635415934359
1.97,0.005,-0.013720696038226,-6.1440631510719,0.062235354376416,-5.2462236058452,0.0020381674713479,-4.9933600595578,35.341207019858
1.975,0.005,-0.012909391840164,-6.5028080074645,0.16343089003959,-5.418661445444,-0.00082029183197844,-5.0111399412292,45.653307929044
1.98,0.005,-0.011386739571567,-5.6052154927546,0.14445296261463,-5.3126862076969,0.00017152104006464,-4.984250948267,47.191948042032
1.985,0.005,-0.0091112600821369,-5.0759027082669,0.0074352810212498,-5.1663867494189,0.00032520367481603,-5.0217577715923,40.044221198008
1.99,0.005,-0.0070753136708215,-5.0798910049899,0.01872516529858,-5.0658491263217,-0.0009435850572772,-4.9717384290793,35.433373211007
1.995,0.005,-0.0048451269444995,-5.1472240442016,0.022371448470453,-5.1254978393648,0.00040945646216544,-5.0329311208718,31.50896949457
2,0.005,-0.0026447348187816,-5.0435378340348,-0.022612249053959,-5.0259065108907,-0.0017170625039385,-4.9639234484325,26.314605018373
2.005,0.005,-0.0004376176499156,-5.1636018521033,-0.027664473081759,-5.0837697381575,0.0045112300647326,-5.0373338151409,23.883268463527
2.01,0.005,0.0012979428866889,-4.9958141384042,0.0057854497927633,-5.0116077993532,-0.0053852738905633,-4.9638258840303,26.15806658494
2.015,0.005,0.0033085047294644,-5.0836704343852,-0.017754551729176,-5.0829627209555,0.0060177681390992,-5.0337282441099,25.515685428732
2.02,0.005,0.0053922980254499,-5.0518028476554,0.0064120258143011,-4.9931783824161,-0.007006267587884,-4.9696423698307,22.67433258107
2.025,0.005,0.0070856865126932,-5.0705595768777,-0.0023238420750966,-5.0590701737295,0.0064609764957302,-5.0263310551815,24.181706156054
2.03,0.005,0.0089379214236085,-5.0028039800403,-0.0078273241641201,-5.0052789165701,-0.0065275416199348,-4.9783784634897,23.977601583199
2.035,0.005,0.010489433493835,-5.0702690544482,-0.0019251176653286,-5.0421955969629,0.0041115191333646,-5.0166394747234,24.449764977117
2.04,0.005,0.012104789769305,-5.0093045622167,0.0077056663749319,-5.0100450365967,-0.0019341832419506,-4.9881889647647,25.099332151004
2.045,0.005,0.013546323033341,-5.0411801617918,-8.0469023126661e-06,-5.0259447981903,-0.00017698155621755,-5.0079770878202,23.558805430125
2.05,0.005,0.014904201063168,-5.0175297431067,-0.0083717225417619,-5.0136264829409,0.0019901965977769,-4.9947706693321,24.481502827348
2.055,0.005,0.015971365438895,-5.0641801570922,0.019585105066507,-5.0277158149385,-0.0052368745686645,-5.0033653429468,24.719871819725
2.06,0.005,0.016903723062965,-4.9604150122874,-0.043314175160433,-5.0348833532765,0.0074550317261394,-4.9977301704609,26.969712797884
2.065,0.005,0.017961390491366,-5.105916259166,-0.0017225815818929,-5.0403259924643,-0.0090608450325252,-5.0017289774173,22.996375963081
2.07,0.005,0.018685020530716,-5.1245133298442,-0.012685741210097,-5.0332974472267,0.010884937531387,-4.9982841554267,23.155448203227
2.075,0.005,0.01911907983256,-5.0332936922569,0.001055542900249,-5.0531966978787,-0.011258349065829,-5.001973929339,23.584007259333
2.08,0.005,0.019599823360822,-5.0731235528044,-0.027327444884244,-5.0413253470172,0.010546348029473,-4.9978154713172,21.627130730588
2.085,0.005,0.0197357629236,-5.3630749872862,0.068454382367151,-5.1489458154338,-0.0090971913423807,-5.0020160052716,21.992214991561
2.09,0.005,0.019736143041129,-6.6240410527155,-0.00023458946915085,-6.0278407353535,0.0064819010992732,-4.9984216408276,20.712644013222
2.095,0.005,0.019731969428997,-7.0755049697055,0.0042925550095918,-6.1429477585704,-0.0036216138676808,-5.0012706132541,17.908089779519
2.1,0.005,0.019691723483927,-7.2828189374074,-0.22176802806326,-5.6285524208506,0.00061621550575569,-4.9991765118778,11.017001478539
2.105,0.005,0.019621647967357,-7.4835433859315,-0.094721900171158,-5.5238047421657,0.0022207542827294,-5.0009377095834,4.5733067888172
2.11,0.005,0.019171029574139,-5.3859201259126,-0.030318204571125,-5.0489325978402,-0.0040709733301004,-4.9987804500241,-1.0659280380656
2.115,0.005,0.018657549144094,-5.3901476123782,-0.031532231574628,-5.1079093596942,0.0055667076951305,-5.0024375730048,-5.6605005420175
2.12,0.005,0.017882775993064,-5.4934732161744,0.013846111864502,-5.1003632939468,-0.0065814251887599,-4.9957423960315,-11.057133067482
2.125,0.005,0.017378410039128,-6.3814115816074,-0.008626246104524,-5.3072227740821,0.0070258187514513,-5.0070738576088,-20.454122276079
2.13,0.005,0.016746768829,-6.7061622005969,0.02728124178858,-5.4091615619521,-0.0057173062277219,-4.9889705543337,-31.874204742459
2.135,0.005,0.015519455061124,-5.6628878165144,0.0074229912445348,-5.3232721912174,0.0050532916794798,-5.015896930277,-35.852516365018
2.14,0.005,0.013862143574129,-5.3064167842976,0.0069628546501797,-5.1388725393052,-0.0022417634878525,-4.979968081342,-34.714639243506
2.145,0.005,0.012124565754018,-5.3577956637584,-0.051952102389476,-5.1904139878929,0.00081627000636812,-5.0239410081012,-34.383530045394
2.15,0.005,0.010311264930722,-5.2054044961494,-0.021874812627194,-5.1029549207829,0.0013030270582677,-4.9728912252056,-32.989802748899
2.155,0.005,0.0081779762712695,-5.1035317998765,-0.0017764423140014,-5.1213764892576,-0.003775595458414,-5.0291923603004,-29.896139745761
2.16,0.005,0.0059906587032128,-5.023227791434,0.010456944355142,-5.031241867621,0.005166115381422,-4.9693254291295,-24.572979667271
2.165,0.005,0.0038173911114016,-5.0977730739,-0.010063227459446,-5.06923576684,-0.0064269839518609,-5.0311385685373,-22.430215970305
2.17,0.005,0.0020158124491564,-5.0880263014977,0.0010801516874148,-5.0066579165225,0.0064981156752492,-4.9692039080212,-23.228566092257
2.175,0.005,0.00014290486581581,-5.1269620904315,-0.010892038712219,-5.0767591528005,-0.005680538504859,-5.0303740002248,-25.731132312249
2.18,0.005,-0.0016430686720364,-5.0381361642615,0.0040086703815905,-5.0065777571283,0.0050218927362223,-4.9702470403013,-26.985155480066
2.185,0.005,-0.0036455977811744,-5.1296577471501,-0.0049025953143622,-5.0704447310033,-0.0032582167506643,-5.0291871918942,-26.213366125653
2.19,0.005,-0.0053522081865096,-5.0846790028907,-0.0089387390987746,-4.9950920982655,-0.00026241986785737,-4.9707583255387,-27.692507431504
2.195,0.005,-0.0066873286980398,-5.1239786254475,0.015260085198103,-5.085918212142,0.0040147618603738,-5.030929397639,-34.03435831623
2.2,0.005,-0.0082268632745671,-5.0698257222279,0.041937588743248,-5.0248092398054,-0.0085883353903947,-4.9664827554943,-36.901910075251
2.205,0.005,-0.010053271151201,-5.1833029345355,-0.0041630257801772,-5.083263888145,0.013342656490861,-5.0364192627628,-32.810040764456
2.21,0.005,-0.011494244284632,-5.0705671089668,0.022506227643808,-5.0080892133077,-0.018478150366593,-4.9606054018835,-33.860134630106
2.215,0.005,-0.012539760832376,-4.9218075204432,0.041480297739518,-5.1250607671274,0.02253865100835,-5.0432508323516,-37.348792348282
2.22,0.005,-0.014243432746111,-5.0353958501467,0.0045961116500709,-5.0096092321032,-0.024870789563257,-4.9522866381286,-32.043591624315
2.225,0.005,-0.015397711488782,-5.0194748884072,-0.028287533262225,-5.1045445817718,0.024831605485637,-5.0512984346226,-28.838488808726
2.23,0.005,-0.016715030377763,-5.0303772147522,-0.073026765738942,-4.9883585228547,-0.02503143180214,-4.9466175673243,-24.425268173777
2.235,0.005,-0.017399140749287,-4.7877660304658,-0.018876315491801,-5.0411398890857,0.024297956590571,-5.0539937680326,-24.36000325782
2.24,0.005,-0.018151961852516,-4.7779547907255,-0.0014342362623815,-4.8917026102305,-0.02244262082489,-4.9481694783235,-22.214914037948
2.245,0.005,-0.018236748480773,-5.7531010088108,-0.13107020454097,-6.7860858462378,0.019927585918467,-5.0469199304398,-26.535878589728
2.25,0.005,-0.018939353378052,-5.1592906047851,0.02533505771349,-5.0376378134811,-0.017025124824453,-4.9593475599097,-18.503783224691
2.255,0.005,-0.019038748042365,-6.2190741594566,-0.22592652338331,-5.8288699278635,0.012524384458386,-5.0325104669942,-18.620044868936
2.26,0.005,-0.019039687935278,-8.1949975151389,0.087278258813705,-7.1582750788589,-0.0078184034831988,-4.9767693237957,-13.402522962592
2.265,0.005,-0.019038754130952,-8.8175196382084,-0.037643772861577,-7.2296749548453,0.0033201236226032,-5.0136508612109,-10.601037285364
2.27,0.005,-0.018969233151635,-9.185631377617,0.12004562172067,-6.7471765112192,0.00073659009679203,-4.9955004980731,-0.5295847258291
2.275,0.005,-0.018906255653476,-10.30394633394,0.12540616993371,-6.5067078775203,-0.0044395221630979,-4.9963495754301,5.6058624260854
2.28,0.005,-0.018533834812375,-6.6867820805745,0.07093987721079,-5.2384718115374,0.0067661711471704,-5.0102764310506,16.053806345074
2.285,0.005,-0.018367543012531,-10.567779757578,0.058647683722402,-6.4132659442195,-0.0085717494848419,-4.9847527335605,25.21261746076
2.29,0.005,-0.017448967429306,-6.5134161525267,0.048867692068539,-5.3712886106882,0.0083192069490158,-5.0180832482321,32.143291547201
2.295,0.005,-0.016831455520621,-7.0528212427161,0.0071970568666174,-5.5080670070168,-0.0065339306278305,-4.9807686714177,39.165197809699
2.3,0.005,-0.015998958591646,-7.3192533826408,-0.0091734568613085,-5.6179779352331,0.0035852583786202,-5.0178861183593,50.312662669753
2.305,0.005,-0.014955890843576,-6.58647378018,-0.050640963966352,-5.5677763846718,-0.0001371984110358,-4.9840550755765,55.915353032149
2.31,0.005,-0.012895813105706,-5.5137027070006,-0.0035414554816462,-5.3177372522142,-0.004414734747853,-5.0148371728781,51.61660300028
2.315,0.005,-0.010929617384856,-5.3238739181246,0.012934749945019,-5.1805339216886,0.0093334258078309,-4.9857801360222,47.149431493264
2.32,0.005,-0.009207407066126,-5.6021584795901,0.0069331464481759,-5.2939596819692,-0.014041374756754,-5.0132719959797,48.808602178225
2.325,0.005,-0.0068221926147825,-5.1423092186262,-0.013759591486899,-5.1653616720057,0.017066227987575,-4.9865218113298,42.004629199034
2.33,0.005,-0.0043523049117509,-5.0737354871566,-0.0027791545670388,-5.112545983226,-0.020123096212004,-5.0155934041362,33.628592360627
2.335,0.005,-0.0020568373692583,-5.1778977508834,-0.0034302842550813,-5.0514138654404,0.020668147058541,-4.9806089069924,29.326725847131
2.34,0.005,-0.00027868931057558,-5.2253677659879,0.0082257105466535,-5.1311810402631,-0.020162051720605,-5.0248202911495,31.257129751441
2.345,0.005,0.001705244399984,-5.0792449519085,-0.0071214386332901,-5.0604909803627,0.017287781460953,-4.9700308767367,30.728479601934
2.35,0.005,0.0038628503999427,-5.1610508983579,-0.0030626650781156,-5.1028420103388,-0.013155858717033,-5.0346659287501,27.872348601876
2.355,0.005,0.005652172820339,-5.2604234675763,0.019371782053747,-5.0323589654361,0.0085361335312016,-4.9614285028539,28.441977921324
2.36,0.005,0.0071332901184452,-4.9591424898461,-9.9510490937438e-05,-5.147265653276,-0.002898437384486,-5.0423359729772,34.007618145763
2.365,0.005,0.008943945093857,-5.0570581489163,-0.021976641728794,-5.0298019711349,-0.0028979773235679,-4.9556697567466,31.500076670753
2.37,0.005,0.01107099166503,-5.2215749323574,0.0041090050261812,-5.0985828608891,0.0091211491693476,-5.0438321550719,26.538153026484
2.375,0.005,0.012001697447611,-4.9580410460532,-0.012907186565874,-5.0694898301575,-0.015954894276427,-4.9595528981528,32.556348090427
2.38,0.005,0.013885797854418,-5.060075225931,-0.0003679728191431,-5.1014716403743,0.020100007050526,-5.035900087298,27.786917529149
2.385,0.005,0.015244664701547,-5.1708976978552,-0.0030517019915004,-5.0149275776735,-0.022924316908254,-4.9692932711477,24.530836671741
2.39,0.005,0.015874005022285,-4.6365099154814,0.011362692308566,-5.1494489725269,0.024520918063608,-5.0255215258111,33.440613213042
2.395,0.005,0.017334144162715,-5.1187918954797,-0.021222349398449,-5.0490925805665,-0.022771124251676,-4.9798553297372,24.398165689173
2.4,0.005,0.018067354682695,-5.0521530124172,0.054187156128923,-5.0679213318381,0.020365326492637,-5.0150085313436,27.417653336373
2.405,0.005,0.018809635749514,-5.1482996960655,-0.064377308508572,-5.0359766765134,-0.015883151623319,-4.9897445659566,24.082358818031
2.41,0.005,0.019115395662604,-4.9927039972002,0.22572626119803,-5.2313823902338,0.010085940437079,-5.0061972257706,28.048075951556
2.415,0.005,0.019556537202603,-5.1345981139678,-0.17859721849635,-5.0981937735781,-0.003160408344412,-4.9976793985226,23.728518143206
2.42,0.005,0.019749146817938,-5.5993425312471,0.65367127840347,-5.5726237434456,-0.0037732366689824,-4.9988627132348,23.899494829161
2.425,0.005,0.019758467000027,-8.3918537358744,-0.032978012549245,-7.4367597478641,0.010278255379342,-5.0045750725769,20.567637370024
2.43,0.005,0.019748060720289,-9.3804331703227,-0.066245707838582,-7.8062887619376,-0.016220013341327,-4.9924343342613,17.389719680473
2.435,0.005,0.019705970151505,-9.8476051003827,-0.1391280036584,-7.4922494737648,0.020813722386833,-5.0111326295268,9.4229557500818
2.44,0.005,0.019614624873757,-9.123661847366,-0.20644193335983,-5.9663285063272,-0.024366816235084,-4.985467711873,2.801905900209
2.445,0.005,0.019375426466761,-6.4422594861174,-0.15047999999816,-5.1238768790069,0.026928506271772,-5.0178210780636,-6.8089819060492
2.45,0.005,0.019092873338787,-7.1671271715031,-0.21369928365766,-5.3709916255738,-0.028357175063999,-4.9788359294858,-15.222725901129
2.455,0.005,0.018275231964814,-5.9172617511528,-0.011063816253109,-5.304717784559,0.028013373702562,-5.0238256031544,-21.364777797983
2.46,0.005,0.017381513419483,-5.6819358049179,-0.040328329879263,-5.2052413042544,-0.02643952144585,-4.9735982863836,-25.092552623893
2.465,0.005,0.016182651499974,-5.6072192708209,0.0069536313989499,-5.2661993031647,0.023688955974216,-5.0283019940009,-29.837723180852
2.47,0.005,0.015134648849973,-6.0378643055031,-0.037995168706086,-5.2690616234231,-0.019994461829774,-4.9702708858484,-34.569736262631
2.475,0.005,0.014237528568184,-6.889177898227,-0.0058478202058553,-5.5604517265593,0.017451976636635,-5.0286621490219,-46.908930230887
2.48,0.005,0.013048488645525,-6.4031653943747,-0.016376736876309,-5.5231858615462,-0.012581012699192,-4.971713065867,-52.868558526601
2.485,0.005,0.010649725428646,-5.1570782080277,0.025969998232983,-5.2767929107568,0.0094913365169747,-5.0272834048582,-46.642566138945
2.49,0.005,0.0084223184819326,-5.0008206894128,-0.028903549119024,-5.0732875751598,-0.0064489014864556,-4.9742736005528,-38.578907880851
2.495,0.005,0.0063308602423948,-5.2984367923276,0.0028911952601543,-5.1894146670561,0.0037924262413453,-5.0226905488578,-38.085438495504
2.5,0.005,0.0039713939456997,-5.0056902589725,-0.00059540490172451,-5.0654156261455,-0.0029800431339757,-4.9807968550582,-30.055875855476
2.505,0.005,0.0013866206982076,-5.0514801783457,0.00095886898681286,-5.0595142511279,0.0032986019226766,-5.0164283764835,-23.283998229247
2.51,0.005,-2.5701588913422e-05,-5.0340852875288,0.00061094484509538,-5.0702487360825,-0.0055299404581308,-4.9846053140879,-29.252493527158
2.515,0.005,-0.0022703947500387,-5.0600111120341,0.013200800802862,-5.0719299702166,0.0078444350151783,-5.0172267014647,-25.961435094441
2.52,0.005,-0.0042055995553528,-5.0475616819489,-0.02091840646764,-5.0063490345848,-0.0097873406880764,-4.9777900853284,-24.329554665258
2.525,0.005,-0.0060372480425751,-5.143198400094,0.0035947295859654,-5.0618796307944,0.011812205510704,-5.0300064916086,-25.133803581013
2.53,0.005,-0.0074891684139717,-4.9766242157935,0.0046895746729537,-5.0141090370749,-0.014814354461205,-4.9600286943879,-28.99377778582
2.535,0.005,-0.00943672520716,-5.0501831785442,-0.00038534309390005,-5.0900218570191,0.017704284669144,-5.0520609184545,-24.686523062234
2.54,0.005,-0.01119751487452,-5.0659503415809,-0.0037857059587252,-4.960857595694,-0.020116307241847,-4.9340002242775,-22.681136818289
2.545,0.005,-0.01203115275362,-4.9805916342673,0.070997352858284,-5.1876740620838,0.0213996945689,-5.0806131102028,-30.554225670349
2.55,0.005,-0.013946021371282,-4.990077982666,-0.0083182576914535,-4.9402250056521,-0.021284144359767,-4.9061394710404,-22.917640986121
2.555,0.005,-0.014879560181946,-5.2254113516308,-0.013806497925018,-5.1574205297676,0.021606769684739,-5.1046053804989,-25.479332382472
2.56,0.005,-0.015741476249062,-4.8686019707743,0.025405112341403,-4.9534901888164,-0.020038125261131,-4.8883270768645,-28.247314953371
2.565,0.005,-0.0168900933294,-5.0538156485025,-0.030030134659524,-5.1558030687612,0.017593114000395,-5.1152885399241,-23.336216897585
2.57,0.005,-0.017646686095404,-5.117766955671,0.0031852123375608,-4.9480112490277,-0.014878163613344,-4.8843851906225,-22.692727539144
2.575,0.005,-0.017985649420162,-4.8405086855331,0.11132682077101,-5.2009755514304,0.011898050979427,-5.1129924115134,-25.418962089321
2.58,0.005,-0.018599391191853,-5.0561858419696,-0.097326474245436,-4.9301323670168,-0.0079855826059546,-4.8928585675545,-20.68412806523
2.585,0.005,-0.0186857073027,-5.8588710781601,0.70737128492667,-5.9227773248994,0.0044807579113416,-5.0987778014339,-22.762884082754
2.59,0.005,-0.018686309716525,-8.0664205689979,0.25018552683841,-7.5141929515043,-0.00083260446594051,-4.9115400911773,-20.44942821846
2.595,0.005,-0.018699942528381,-7.4129435463256,-0.16733428811857,-6.5981633712538,-0.0022067697484537,-5.0771799276172,-18.56449652602
2.6,0.005,-0.018661194114973,-8.4657340964662,0.20976382671333,-6.9623908674001,0.0046655917705369,-4.9341847513098,-10.508159157382
2.605,0.005,-0.018606598059749,-9.1253871053076,0.3082033317908,-6.8956114622527,-0.0064889459135609,-5.0548216566758,-4.8950577338572
2.61,0.005,-0.018327805515766,-6.2522255096595,0.052726429481293,-5.146833848653,0.0074081167681196,-4.9548783208117,4.415524373275
2.615,0.005,-0.018101140062564,-6.9514890346917,0.13426207049501,-5.2932690313793,-0.0076421665351544,-5.0361077642804,11.964689271962
2.62,0.005,-0.017373528919906,-5.7037421287856,1.952134112475e-05,-5.131885075712,0.0066100836643136,-4.9719921522882,19.561282176541
2.625,0.005,-0.016637566898382,-5.6848407368584,0.037933294168221,-5.2040683262409,-0.0054053961192611,-5.0211440452344,24.283617573847
2.63,0.005,-0.01539941383493,-5.3982020573491,-0.015291769687613,-5.1703843486141,0.0039259311182443,-4.9854735145633,28.419025809693
2.635,0.005,-0.014140962831803,-5.3015489823236,0.040938008137955,-5.1362480529801,-0.0025165319354509,-5.0083308183571,29.867572281568
2.64,0.005,-0.012842058769818,-5.5575792849835,-0.0030367393156225,-5.1900916996817,0.0014382915845787,-4.9978631394786,35.333193286336
2.645,0.005,-0.011438035847039,-5.5006632931258,0.016777846576588,-5.1753408727518,-0.00059157695946799,-4.9951381843596,38.83905380998
2.65,0.005,-0.0096331915431193,-5.3593538929549,-0.0080056560329478,-5.2154725610589,0.00016968697808095,-5.0124931122221,39.141255076472
2.655,0.005,-0.0071657714973696,-4.8998387734422,0.013909601911253,-5.0666612235294,-0.00061692180072159,-4.9799470679418,30.253777927962
2.66,0.005,-0.0051563792441768,-5.1166050543572,-0.024764272119014,-5.0860088229007,0.0018329305587656,-5.0274182079701,28.252000228082
2.665,0.005,-0.0029446268708891,-5.0536042516819,0.00079355502167262,-5.0300298241626,-0.0030409771807098,-4.9646912816859,24.628323696976
2.67,0.005,-0.00081518656160979,-5.1394455253952,0.011578000830133,-5.0847700088563,0.005359676607105,-5.0427535978439,21.926548930102
2.675,0.005,0.0011015260029169,-5.0950646403251,-0.00753856749507,-4.9983123040673,-0.0079655199615374,-4.950825768681,22.891562544312
2.68,0.005,0.0029907635988088,-5.1834939009574,-0.0025936671606859,-5.1137788438368,0.012586668495079,-5.0543458591126,23.730306465328
2.685,0.005,0.0047951843423477,-5.0536491817107,0.029211658590385,-4.9940056823093,-0.016478701674779,-4.9430979036856,24.853906435677
2.69,0.005,0.0067327348916172,-5.1556409698352,-0.012054216026151,-5.1124626524481,0.020367164034891,-5.0573219716546,24.173236585223
2.695,0.005,0.0084288956347414,-5.1093912875419,-0.0077212584439151,-4.9845187581424,-0.023462109321083,-4.9444233425673,24.768295859236
2.7,0.005,0.0099387452356388,-5.0783936980001,0.0075173462095796,-5.1204730838706,0.026611630189006,-5.0523707188192,28.151020045187
2.705,0.005,0.011584220052349,-4.9398299672791,0.02060452585101,-4.9973527602219,-0.028364473178922,-4.9531670613752,26.398437611138
2.71,0.005,0.013453861652318,-5.2256439342719,-0.0069012486248525,-5.1022512921111,0.0290061693756,-5.0391120626749,22.523764437852
2.715,0.005,0.014435107637076,-5.0957633451335,0.026804076765167,-5.040359417484,-0.02993348514991,-4.9696370844943,26.684886745529
2.72,0.005,0.015980261269199,-5.123060925164,-0.031791875089636,-5.0861816658565,0.028913052331051,-5.0219979801025,23.22917204653
2.725,0.005,0.017023867029258,-5.0199034310989,0.039742193744392,-5.0175688670343,-0.027050759233849,-4.9852482586697,22.448664110172
2.73,0.005,0.017964998906392,-5.1570129187029,-0.0054115700589413,-5.068931140834,0.02359517931133,-5.0083707501348,23.239564435276
2.735,0.005,0.018544135997697,-4.9703520232283,-0.012130722619426,-5.0535138357518,-0.019401767351558,-4.9968015809196,24.716128301072
2.74,0.005,0.019450300569146,-5.1136272598617,0.0028979627120213,-5.043324483382,0.014198732827036,-4.9995144194057,20.417936469718
2.745,0.005,0.0195571416677,-5.0828622480299,0.28162958742184,-5.6330148274847,-0.010486163202015,-5.0025918783846,24.756709533336
2.75,0.005,0.019988190743256,-5.2321955151609,-0.11158799542785,-5.0907682064598,0.0060137708461617,-4.9959890523937,20.680418590022
2.755,0.005,0.020032864974314,-5.3423067583076,0.20240530622663,-5.5034301588762,-0.0018201412275942,-5.0050442433283,21.380176200353
2.76,0.005,0.02005174035936,-6.2739584138659,0.40033524535863,-5.484666610112,-0.0021692463226198,-4.9940082376055,16.9135198003
2.765,0.005,0.020038898722841,-7.6778166334464,0.11651127968577,-6.1566259113054,0.0059671145864314,-5.0072342404325,13.79749948118
2.77,0.005,0.019956086623005,-8.8387508127815,0.26301924585233,-6.1342984260383,-0.0092427286897345,-4.9912312956949,4.6580783999189
2.775,0.005,0.019866862037184,-8.3689741204489,0.12620009940748,-5.5230612353789,0.012328836835936,-5.0107044909271,-1.6101940346451
2.78,0.005,0.019277101392356,-5.604001960918,-0.0062997685747006,-5.0816064513266,-0.014213943988129,-4.9869667521223,-8.3303992543374
2.785,0.005,0.018893394647153,-5.9911366881152,0.0047317047315062,-5.2417736842223,0.015184790130902,-5.0156403118383,-14.691761880091
2.79,0.005,0.017898855150539,-5.6104978008858,-0.00045204187048784,-5.1580184139016,-0.014966252365999,-4.9822642730002,-20.197452400574
2.795,0.005,0.017013710488167,-5.5490276670629,0.0029993465231529,-5.2294066760122,0.013246185249315,-5.0190695936342,-23.862763681994
2.8,0.005,0.015709675924271,-5.4832770733668,-0.031365476613966,-5.164787766519,-0.01055113093814,-4.9808588584698,-28.383757756951
2.805,0.005,0.014729834941185,-5.9190372359306,-0.033530036493807,-5.2913350837809,0.0078744975059865,-5.0177964135038,-34.544026170044
2.81,0.005,0.013577300452745,-6.2716997017207,0.017525307249718,-5.3532203498467,-0.0048167123571934,-4.9848650888122,-43.362014022993
2.815,0.005,0.012133191635665,-5.6956894111617,0.018776237451569,-5.3428661302227,0.00087418956593257,-5.0115798150028,-46.708881139084
2.82,0.005,0.0097747527735286,-5.1639353621416,-0.014263303202019,-5.1727652199813,0.0025097084728317,-4.9934798453061,-40.109384529475
2.825,0.005,0.0075482418615349,-5.0253122178089,0.017015902227358,-5.0828202030677,-0.005892430862949,-5.0011440331663,-34.214466754775
2.83,0.005,0.0052611901410076,-5.0816384889923,0.017918913012851,-5.0935616414982,0.010066626041093,-5.002860766944,-29.457378796284
2.835,0.005,0.0031482541076771,-5.0806288750944,-0.002101270506606,-5.0374384325383,-0.0096507810450548,-4.9943352325921,-26.724077248733
2.84,0.005,0.0010747407279657,-5.0784701846657,-0.030282171904105,-5.0646965663915,0.010758012155404,-5.0072727190907,-25.071141195622
2.845,0.005,-0.00097652372232236,-5.1087217522772,0.007846383576076,-5.0312306320018,-0.010990151729731,-4.9931625008156,-23.824225673306
2.85,0.005,-0.0027856373943224,-5.0833737280197,-0.007089709073949,-5.0387186469678,0.010907610140085,-5.0044576186162,-25.333192644719
2.855,0.005,-0.00452377615291,-5.0132470192801,-0.016189666020869,-5.0390161297183,-0.0090440187961376,-5.0003770243902,-26.79061035962
2.86,0.005,-0.0064859756445057,-5.0414874938673,-0.006243158766983,-5.0297841866342,0.0066649659889735,-4.993782079962,-25.164533785827
2.865,0.005,-0.0082461699635299,-5.0636674586429,0.013912045487197,-5.030768354482,-0.0032502834188651,-5.012649857113,-24.244196584769
2.87,0.005,-0.0097712937915568,-5.0007089480001,-0.0086371245440404,-5.0114526968507,-0.00093680653399953,-4.9821674859651,-26.530538929289
2.875,0.005,-0.01129789531912,-5.0898411088602,0.0023260125278721,-5.0416991986521,0.0051609540326301,-5.021177387316,-25.4711438162
2.88,0.005,-0.01261174921482,-5.0221140049396,0.0034157133896201,-5.0141887519641,-0.010073461695057,-4.9782902815701,-27.94713993503
2.885,0.005,-0.013922269819332,-5.0988883911981,-0.0035821807638683,-5.0421269850109,0.013934264713179,-5.0190335343822,-25.818662456703
2.89,0.005,-0.014948460138739,-5.0088760533511,-0.031352492229468,-5.0296076510168,-0.017778641145578,-4.9873077409579,-28.595286788491
2.895,0.005,-0.01603439923372,-5.0680254423269,0.032484281213839,-5.0301886202368,0.020626077098155,-5.0032471091549,-25.288242360334
2.9,0.005,-0.016845443524401,-5.038681911042,-0.027739985792434,-5.0442722277845,-0.021857387697024,-5.0087723963445,-26.66738552958
2.905,0.005,-0.017522247943406,-5.0015483930868,-0.0027938813799463,-4.9988507672326,0.021062899131417,-4.9778822012279,-24.098228993046
2.91,0.005,-0.017969507034008,-5.0184523769496,0.04163899727283,-5.0754752205251,-0.018406449779523,-5.0358795448118,-25.879381193236
2.915,0.005,-0.018293325146531,-5.058012392801,-0.027746919613156,-4.9702903299909,0.014305612407399,-4.9513443824027,-23.474047982666
2.92,0.005,-0.018325246423488,-5.374914452501,0.087580202483956,-5.6591695773948,-0.0092801673470448,-5.0592709743041,-25.690511570337
2.925,0.005,-0.018373440082612,-6.0828375775661,-0.19904952437821,-5.2790052110665,0.0037510925437115,-4.932688065509,-22.100918975867
2.93,0.005,-0.018359601839528,-7.603945893425,0.20471037185609,-6.6165336531408,0.0018153392248255,-5.071588576739,-18.887259726006
2.935,0.005,-0.018316896652552,-8.1431623257338,0.28251189949057,-6.2284858665203,-0.0069375753196463,-4.9280282187522,-11.192931535083
2.94,0.005,-0.018234514816868,-8.0266411438707,0.2797009082253,-5.7340210101862,0.010886875726661,-5.0684956504737,-3.9074599632829
2.945,0.005,-0.018031711841789,-6.0393806201118,-0.0029774565265956,-4.7918477561067,-0.013746284718897,-4.9385054490296,6.0401579245755
2.95,0.005,-0.017793952613095,-7.5010953028588,0.023409616906951,-5.5874187456668,0.015687441107438,-5.0522292993021,15.748941785535
2.955,0.005,-0.017072478818183,-5.8661400855543,-0.045212465770245,-5.1374466258227,-0.016406470049198,-4.9591025292812,22.772198519686
2.96,0.005,-0.016255989197524,-5.9012047762289,0.0057189890711161,-5.3122756647746,0.016129521219432,-5.0296508560324,28.147944264014
2.965,0.005,-0.015020940996543,-5.4814119906475,-0.043077199352312,-5.1702456210989,-0.014403307538631,-4.9807591817962,32.073534966487
2.97,0.005,-0.013795089945953,-5.6076073010823,0.039023110544314,-5.2410535988143,0.011906902083413,-5.0099601692446,34.629529389627
2.975,0.005,-0.012340512847842,-5.5283615993278,-0.0049530273283831,-5.2004604615414,-0.0080226622757052,-4.9960533065737,38.8513926025
2.98,0.005,-0.01105508177715,-5.7019881467419,0.066906303151897,-5.2560838066944,0.0040935261060846,-4.9999923605147,43.076789276695
2.985,0.005,-0.0091218012277956,-5.3917112592792,0.018427838315762,-5.2250366919113,-0.00056009709061678,-5.0009934117383,43.624683784802
2.99,0.005,-0.0067203704166833,-4.9471485449265,0.010729521302691,-5.1200814183717,-0.0028140324810022,-5.0016321014713,33.764145511591
2.995,0.005,-0.0044602554751863,-5.0807236792252,-0.018573889644541,-5.0551552934056,0.0053242929539061,-4.9929529447438,30.900617027331
3,0.005,-0.0022684797019169,-5.0762961525423,0.0053961876317564,-5.0834496968863,-0.0069965124645155,-5.013757695963,24.936580869561
3.005,0.005,-9.3542857376309e-05,-5.0997188852218,-0.016291249176163,-5.0138782557127,0.0068650440729235,-4.9789836149571,24.373261087742
3.01,0.005,0.001618634221187,-5.0848445487315,0.013476359882222,-5.0940756184654,-0.004611004415052,-5.0288477881497,25.277509583348
3.015,0.005,0.0037987784364498,-5.0574003680566,-0.015631889886688,-5.0112857126728,0.00056577100853867,-4.9637217495573,24.189625556743
3.02,0.005,0.0055836188742705,-5.1773113334173,0.01822370235237,-5.0871688309921,0.0058289043058922,-5.0429665574001,23.597417759282
3.025,0.005,0.0072175985731812,-5.0356867348871,0.0052691030662725,-4.9950815390654,-0.012643458470222,-4.9512869878168,27.870125938447
3.03,0.005,0.0088418259103594,-4.9816958809315,-0.006187108397504,-5.1101760251429,0.02008388811638,-5.0547227055335,28.602470612128
3.035,0.005,0.01093404978885,-5.0444124882348,-0.032856740141821,-4.9847228099537,-0.026934326220046,-4.9388210889883,23.483272973772
3.04,0.005,0.012205839967235,-5.0934311983235,0.038538206905152,-5.142612832668,0.034343850771287,-5.0679142198605,27.54455548738
3.045,0.005,0.013837293640683,-5.0044023804135,-0.019241074708126,-4.9692380811455,-0.03950383241619,-4.9258069391684,24.658890722535
3.05,0.005,0.015192991882691,-5.1926036851301,0.0013708936551008,-5.1332433987702,0.044795864338286,-5.0805253422847,24.916700420349
3.055,0.005,0.01613263024195,-5.0244122288817,0.023529718186844,-4.9544915900234,-0.048310439283529,-4.9136586877747,27.016271292113
3.06,0.005,0.017248845966367,-5.0170035072286,-0.023561852358858,-5.1505843022607,0.047995956460838,-5.0921092935822,26.995272453125
3.065,0.005,0.018387580425484,-4.997834221595,-0.0019434121378378,-4.9385749429418,-0.044858978886841,-4.9030282664284,21.59648444033
3.07,0.005,0.018766579169365,-5.0969648560413,0.18289257276335,-5.4015527998722,0.040427519866449,-5.0995524180441,27.767127673226
3.075,0.005,0.019547676993462,-5.0450700097123,-0.1491002068583,-4.9451089282719,-0.033014237770905,-4.9006609591008,22.210570352247
3.08,0.005,0.019808710694283,-5.020292154725,0.24568097725275,-5.3120190653,0.024782673165335,-5.0961572168381,24.905953159653
3.085,0.005,0.020009316704919,-5.0742161199081,-0.43566866727305,-5.0214658363178,-0.01642872247499,-4.9097878893793,22.620404730659
3.09,0.005,0.020098458833369,-5.4119195775702,0.36141399213896,-5.3661835883271,0.0078740333927879,-5.0808299230481,21.952057097216
3.095,0.005,0.020086809923269,-6.5699205664301,0.29198594684122,-5.7944781027458,-0.0010256528202409,-4.9313846081506,17.66288884255
3.1,0.005,0.020058645415084,-7.5697415870005,0.36637162134515,-6.2749849761299,-0.0051944575768478,-5.0542576387381,12.061335251493
3.105,0.005,0.019982931090031,-8.0105700325369,0.29557529084405,-5.7248251860971,0.0097909887502822,-4.9614156122169,4.7418177765331
3.11,0.005,0.01980807212056,-7.4404458747639,0.097909166219977,-5.2164144825879,-0.012491205504737,-5.0230564617335,-4.2829143571318
3.115,0.005,0.019555489223882,-7.1774093950183,0.15000328135975,-5.3105141697997,0.014043275360339,-4.9918791275502,-12.896950828722
3.12,0.005,0.018983028720722,-6.4832789574078,0.074920774072015,-5.3038973382563,-0.014180201664403,-4.9961157271203,-21.390838652924
3.125,0.005,0.018344607428634,-6.8040083308296,0.12235967988234,-5.4802255236488,0.012330832346429,-5.0134607797798,-28.583365995072
3.13,0.005,0.017316494582474,-6.1799641748822,0.023253993994268,-5.2976298943013,-0.010849930303112,-4.9802009639858,-34.801551470072
3.135,0.005,0.016501997557747,-7.0403725021928,-0.0096095713921385,-5.5888165050922,0.0095388687163334,-5.0225563786666,-43.291219974461
3.14,0.005,0.015410062421508,-6.7086795754966,-0.13800684809635,-5.544267087198,-0.0071423740758352,-4.9768032228077,-51.158483125689
3.145,0.005,0.0136767251758,-5.6878581906573,-0.079429396156309,-5.3848626752161,0.0050248135579725,-5.0222653769161,-50.726566394237
3.15,0.005,0.011517678662936,-5.1567572435502,0.024324310320464,-5.1723309252462,-0.00367730907309,-4.9801760571457,-44.497650868606
3.155,0.005,0.0096040465659551,-5.416596003576,-0.033297499923482,-5.2220020846363,0.0028105648953716,-5.0173311973607,-44.190023765268
3.16,0.005,0.0076855411336646,-5.3219323149127,-0.066474440939379,-5.1965150021715,-0.0031138401437768,-4.9829438770881,-42.090328100932
3.165,0.005,0.0050767005331898,-5.0852185171529,0.0087608138190616,-5.1276196260521,0.0028881090433294,-5.0189623619671,-34.971085443948
3.17,0.005,0.0028489515214035,-5.0717673548097,0.01305236105463,-5.039124765216,-0.0042866289341414,-4.9761076982979,-27.771423996398
3.175,0.005,0.00090846313718423,-5.2818583978996,0.0038513403482651,-5.1173661855658,0.0067270944058177,-5.0313744927551,-31.450123255757
3.18,0.005,-0.00065503377640133,-5.1441912365796,0.028482792249534,-5.0656573447924,-0.010593091703519,-4.9593386578756,-32.716365476436
3.185,0.005,-0.0028730057405604,-5.1624998329839,0.02907580361667,-5.1326422272079,0.015517927576805,-5.0514610283568,-32.215288506766
3.19,0.005,-0.0047821717439956,-5.088769854231,0.0006455237058806,-4.9905417022042,-0.019260596531322,-4.9368159679261,-27.796455067779
3.195,0.005,-0.0066177933300783,-5.1402150730443,-0.071326468972056,-5.1379762491853,0.024927071023828,-5.0748232660624,-30.357441162096
3.2,0.005,-0.0083053720669029,-5.0079877503656,0.011612092785655,-4.9556293301834,-0.028818067411608,-4.9148242950724,-27.389802834126
3.205,0.005,-0.010079369140755,-5.173854038188,0.040443297557678,-5.1249494108361,0.033446658790152,-5.0930612069009,-27.403422096379
3.21,0.005,-0.011196403620735,-4.9798440233541,-0.037238101506053,-4.9503389485337,-0.037710376194768,-4.9019920822021,-30.683997339531
3.215,0.005,-0.012795256099543,-5.2089624306486,0.028735697939406,-5.1454595074967,0.039518929992339,-5.0993265987635,-28.314441505273
3.22,0.005,-0.013922258827457,-4.9608640858027,-0.017032065990831,-4.9408286309109,-0.04079327456892,-4.9029434597247,-29.443960352497
3.225,0.005,-0.015107240648957,-5.203437805188,-0.00020701554043516,-5.1266287956093,0.040805680717084,-5.0918975547899,-27.278121056712
3.23,0.005,-0.015831046741989,-4.960398097892,-0.0060288628676857,-4.980312446709,-0.040346747149405,-4.9159718875461,-31.125861017872
3.235,0.005,-0.016736384196285,-5.198821624714,0.0014488493312886,-5.1168224658443,0.038243010471099,-5.0743061893891,-26.944422041523
3.24,0.005,-0.01728083935703,-4.9437138026511,0.0035774103188372,-4.9951166570613,-0.036346144679542,-4.9364632200489,-29.553888474288
3.245,0.005,-0.0178070067534,-5.2472715341282,-0.027915779693916,-5.0851298909336,0.034136685701875,-5.052412538732,-25.207413372874
3.25,0.005,-0.017885163375018,-5.4130193652231,-0.14000047207616,-5.9971153505394,-0.032365475719602,-4.9586077591686,-29.755336655879
3.255,0.005,-0.018167786950208,-5.3735643047774,-0.09541937992305,-5.0992139815091,0.031390280850345,-5.0309386370553,-23.309913537854
3.26,0.005,-0.018169110497653,-7.7216035015478,-0.26232360498339,-7.3322334708916,-0.03119566541675,-4.9787382268519,-23.376111672444
3.265,0.005,-0.018134306032005,-8.3548675325175,-0.058587875713394,-7.3803311921418,0.032245944731888,-5.0124023388758,-15.934294834631
3.27,0.005,-0.018102060782612,-9.0217189117345,-0.21655110629398,-7.3545137022354,-0.034140845804895,-4.9960114259098,-10.193256008587
3.275,0.005,-0.017939406545757,-8.4693299701841,-0.21344995572584,-6.032144865681,0.03690712987781,-4.9957084073766,-1.2156363913801
3.28,0.005,-0.017772888450433,-7.6148445835436,0.14201900124952,-5.4471927383807,-0.039597739082996,-5.0129996413685,8.2591867118476
3.285,0.005,-0.017355929241066,-6.785774450698,0.050860429868142,-5.2908933053693,0.041599682586882,-4.9780007753953,17.25133409068
3.29,0.005,-0.016768443275473,-6.9021890535093,0.047914433306961,-5.4078558051413,-0.043651444965146,-5.0321637999277,25.879858638986
3.295,0.005,-0.016109132714381,-7.3439891342801,0.066331312317331,-5.4934173644678,0.044092976910818,-4.9572769241479,34.729405202168
3.3,0.005,-0.015438090957514,-8.3083945600553,0.079324550441566,-5.7982027216183,-0.042901419016671,-5.0532616882692,46.327679933482
3.305,0.005,-0.014521807694581,-7.3746455484799,0.083971321879585,-5.7371314986537,0.040746613560519,-4.9361403663529,55.028872110966
3.31,0.005,-0.012531777044237,-5.6851558105629,0.019296720712107,-5.4204645795888,-0.037499992849079,-5.0744490393552,51.015133388892
3.315,0.005,-0.010626957791036,-5.3412886004644,0.013248390454848,-5.145623533517,0.033518298143707,-4.9170279477877,47.863282871692
3.32,0.005,-0.009094918311183,-5.9644458651327,0.075073139815065,-5.4451645120078,-0.028046429519131,-5.0874677473377,51.727895303621
3.325,0.005,-0.0067484402340925,-5.1391760770537,0.056962424358095,-5.165250547699,0.021152042513972,-4.910799534843,46.296900957975
3.33,0.005,-0.0043209827577727,-5.1194941484086,-0.036555841737855,-5.2046609375447,-0.014469807355034,-5.0877722608745,37.553976694073
3.335,0.005,-0.001510069303638,-4.9222597810152,0.0059472386054078,-5.0020376681378,0.0063042038520644,-4.9163462386194,27.105245126756
3.34,0.005,0.00016582650961776,-5.2925919505578,0.019361070857369,-5.155397373872,0.00037293431128286,-5.0759316171514,29.477506253957
3.345,0.005,0.0021802759775559,-5.0644383685082,0.005554282582596,-5.0446009166492,-0.0075577006928304,-4.9349646524045,30.122618335239
3.3499999999999,0.005,0.004211658619401,-5.091645559303,0.0016673400705452,-5.1225658152302,0.013988156823025,-5.0523162684315,26.870553135269
3.3549999999999,0.005,0.0065222488915085,-5.2536156461865,-0.011956806145042,-5.0174888366343,-0.016784599445461,-4.9596977701422,22.678751023798
3.3599999999999,0.005,0.0071752977218826,-4.6527389006918,0.065131936053202,-5.3487369961198,0.01933297942569,-5.0293531408547,37.714123348236
3.3649999999999,0.005,0.0091952444188177,-4.9204216739258,-0.030095201403284,-5.0991872301796,-0.019269940086665,-4.9817648501959,33.985059178808
3.3699999999999,0.005,0.011475706437648,-5.0076002614479,-0.037234242891703,-5.0605047678723,0.01801756800012,-5.0084035374679,25.221871516293
3.3749999999999,0.005,0.012827241702996,-5.2010626556157,0.067994477543936,-5.0937376769491,-0.01214870517049,-4.9988859529202,26.887574962379
3.3799999999999,0.005,0.014306345622926,-5.0933826833759,-0.038585710565126,-5.054312802874,0.0060202054785231,-4.99644488796,27.277624730535
3.3849999999999,0.005,0.015703476248606,-5.0943664996473,-0.03481366062877,-5.0628747943179,-0.00034953727580657,-5.0064714510995,23.275142882696
3.3899999999999,0.005,0.01684148411328,-5.131834963082,0.076066091475017,-5.0466763472904,-0.0065777312175968,-4.9918511928939,26.170480244502
3.3949999999999,0.005,0.017418709994638,-5.0390083793722,-0.13253578051719,-5.1607042457325,0.012663158026013,-5.0090152736198,28.386305665275
3.3999999999999,0.005,0.018707099628803,-5.0511666741436,0.028555411384529,-5.0344137642252,-0.01665504558353,-4.9905958384696,24.621975264369
3.4049999999999,0.005,0.019244266628368,-5.3893707425587,-0.066956883542159,-5.117302831369,0.021332348272522,-5.0098645934751,22.915280526347
3.4099999999999,0.005,0.019445220731015,-4.5466106843562,0.32058145401125,-5.3521519141125,-0.023521585214831,-4.988913358236,29.498033002086
3.4149999999999,0.005,0.020092329039285,-5.068158103704,-0.14423017700964,-5.0972532013814,0.023901877457303,-5.0138609766703,21.302595410764
3.4199999999999,0.005,0.020222044653226,-5.7989149289176,0.44654429654103,-5.5399449875077,-0.021609432860064,-4.9818879519122,23.227020144885
3.4249999999999,0.005,0.020220887187363,-8.0226952246649,0.21451027849643,-7.1048446401932,0.017578239262659,-5.0232561097097,19.49299881323
3.4299999999999,0.005,0.02020786998021,-8.2842367606286,-0.060144350576194,-6.816776950231,-0.012115114208192,-4.9717151033377,16.819412968473
3.4349999999999,0.005,0.020160801159629,-9.0968263358977,0.15913147150931,-7.1079289884957,0.0052823937077008,-5.0321435923309,9.3354000826205
3.4399999999999,0.005,0.020062807692935,-9.550018946876,0.059737268464292,-6.1215547868547,0.0012852214151699,-4.9657427981204,2.0088999268866
3.4449999999999,0.005,0.019907114900554,-9.0626795123587,0.0052430983390514,-5.677141002433,-0.0084937007155766,-5.0340541013458,-8.0800031899397
3.4499999999999,0.005,0.019566418271425,-7.209974131867,-0.03476851470289,-5.2305913622803,0.015244483475184,-4.9687252919607,-16.876985677253
3.4549999999999,0.005,0.019030152990654,-6.8847813092374,-0.03750589709579,-5.4871143564415,-0.021521506531206,-5.0259905498834,-25.331075124445
3.4599999999999,0.005,0.018209504813487,-6.4710512685856,-0.081437088296246,-5.3585424127954,0.025894016620939,-4.9818573905848,-31.652842917631
3.4649999999999,0.005,0.017207090798631,-6.1852219695583,-0.022778864316496,-5.4063516874007,-0.027683521986344,-5.0081489970816,-37.750473204222
3.4699999999999,0.005,0.016062807354886,-6.3917102618222,-0.041364673353396,-5.4171507776147,0.027529649307631,-5.0028650717203,-42.487713550596
3.4749999999999,0.005,0.014857429887749,-6.4400522031243,0.071892360789189,-5.4931520643307,-0.026107628794502,-4.9861228023831,-49.476538234071
3.4799999999999,0.005,0.013387760514562,-6.0346139423884,0.062370783009968,-5.4538154411951,0.022777547459877,-5.0232594102963,-51.649966362419
3.4849999999999,0.005,0.011036315660467,-5.1805261373987,0.02327761031997,-5.2086167788558,-0.01756302132632,-4.9689422936849,-46.022569482895
3.4899999999999,0.005,0.0088997991926567,-5.1245226218623,0.042362175237013,-5.1772034265755,0.011286217438773,-5.0358743477519,-39.035073915532
3.4949999999999,0.005,0.0064828310011315,-5.0731646675228,-0.015676347958338,-5.0945871712916,-0.0032284622862631,-4.9614258453393,-34.935244011221
3.4999999999999,0.005,0.00444922351036,-5.1620453421426,0.015010554649876,-5.1230869484463,-0.003471167532469,-5.0385366818234,-29.915177486122
3.5049999999999,0.005,0.0021702802227696,-5.1219610726499,0.0041415941442408,-5.047488443698,0.011999585382121,-4.965091009522,-29.199885581611
3.5099999999999,0.005,0.00043091220744989,-5.2251979067427,-0.039668422403175,-5.1075096218889,-0.017608578535826,-5.029772550641,-28.517125438296
3.5149999999999,0.005,-0.0016773983860216,-5.1404533660802,0.014587794165977,-5.0513128029377,0.022105835245131,-4.977034809228,-29.536607208858
3.5199999999999,0.005,-0.0033828259997095,-5.1001863075828,-0.024895003168409,-5.0732012480434,-0.025835884876071,-5.0162836678174,-28.527888658488
3.5249999999999,0.005,-0.0054890843763356,-5.1499983252707,0.003253219334444,-5.0387170058612,0.027434243524123,-4.9896826790681,-27.685524554861
3.5299999999999,0.005,-0.006820748511596,-5.0753562601918,0.015432165823868,-5.0653763068108,-0.029932870063463,-5.0062072370317,-31.254130056603
3.5349999999999,0.005,-0.0086666771969597,-5.0916753528211,0.0068117786370645,-5.0591470544931,0.028739425494919,-4.9966401591618,-30.322469479008
3.5399999999999,0.005,-0.010315540125571,-5.069522148876,-0.015288299627294,-5.0346866502849,-0.02718019741171,-5.0022752972367,-28.298725495309
3.5449999999999,0.005,-0.011672131196502,-5.0667377945142,-0.012941943254385,-5.0412809924181,0.024721489697258,-4.998010708004,-29.773064927516
3.5499999999999,0.005,-0.013027167083633,-5.103796435328,-0.019901047792245,-5.0385490875964,-0.021441894098051,-5.0026704775064,-29.843810289894
3.5549999999999,0.005,-0.014001180439183,-5.1265872345689,0.048919587923354,-5.0537228354123,0.01871773845311,-4.996770727204,-31.406175352636
3.5599999999999,0.005,-0.015193060021581,-5.1105492551378,-0.019423586658008,-5.0497704343645,-0.015497835729655,-5.003733250446,-30.257655842995
3.5649999999999,0.005,-0.015977294437881,-5.0981397712574,0.0063796864288251,-5.0441388073729,0.013061499295279,-4.9972849675383,-29.361641295984
3.5699999999999,0.005,-0.016848791289336,-5.0915803284646,0.031525730472853,-5.0354785244903,-0.01060722772916,-5.0002529565663,-28.618481535328
3.5749999999999,0.005,-0.017155836918403,-4.9554024433022,-0.051129227544039,-5.0533371074851,0.0084628684063063,-5.0040093940366,-29.789162354145
3.5799999999999,0.005,-0.017749428279435,-5.056483461957,0.013958447614654,-5.0190639957821,-0.0064976699069379,-4.9902592856001,-27.327631342157
3.5849999999999,0.005,-0.017855218572261,-5.35431518558,-0.043187495688535,-5.1139503563621,0.0049752802340031,-5.0164092557263,-27.096518115183
3.5899999999999,0.005,-0.017922001655408,-7.6577465517516,0.5467031066101,-5.8551309613931,-0.0030482619348494,-4.976650141545,-25.893458749467
3.5949999999999,0.005,-0.017911314137515,-9.2697277022617,0.23214154481007,-7.3915114498998,0.00095788176453213,-5.030037592418,-22.645444435011
3.5999999999999,0.005,-0.017876764420351,-8.8396508777131,0.22480501414537,-6.9860433415696,0.0013706544505374,-4.9645025288449,-15.852704041482
